{"last_tab":"3","maintenance_mode":"2","back-to-top":"1","site_layout":"2","boxed_shadow":"1","background_options":"2","opt-background":{"background-color":"#FFFFFF","background-repeat":"repeat","background-size":"cover","background-attachment":"fixed","background-position":"center top","background-image":"http:\/\/localhost\/tx-demos\/i-spirit\/modern\/wp-content\/uploads\/2014\/12\/bg-t5.jpg","media":{"id":"1319","height":"1200","width":"1920","thumbnail":"http:\/\/localhost\/tx-demos\/i-spirit\/modern\/wp-content\/uploads\/2014\/12\/bg-t5-150x150.jpg"}},"pre-pattern":"http:\/\/localhost\/tx-demos\/i-spirit\/modern\/wp-content\/themes\/ispirit\/inc\/redux\/assets\/img\/pattern2\/patt2.png","favicon":{"url":"http:\/\/localhost\/tx-demos\/i-spirit\/modern\/wp-content\/uploads\/2014\/12\/icon-16x16.png","id":"1306","height":"16","width":"16","thumbnail":"http:\/\/localhost\/tx-demos\/i-spirit\/modern\/wp-content\/uploads\/2014\/12\/icon-16x16.png"},"ios57x57":{"url":"http:\/\/localhost\/tx-demos\/i-spirit\/modern\/wp-content\/uploads\/2014\/12\/icon-57x57.png","id":"1307","height":"57","width":"57","thumbnail":"http:\/\/localhost\/tx-demos\/i-spirit\/modern\/wp-content\/uploads\/2014\/12\/icon-57x57.png"},"ios72x72":{"url":"http:\/\/localhost\/tx-demos\/i-spirit\/modern\/wp-content\/uploads\/2014\/12\/icon-72x72.png","id":"1308","height":"72","width":"72","thumbnail":"http:\/\/localhost\/tx-demos\/i-spirit\/modern\/wp-content\/uploads\/2014\/12\/icon-72x72.png"},"ios144x144":{"url":"http:\/\/localhost\/tx-demos\/i-spirit\/modern\/wp-content\/uploads\/2014\/12\/icon-72x72.png","id":"1308","height":"72","width":"72","thumbnail":"http:\/\/localhost\/tx-demos\/i-spirit\/modern\/wp-content\/uploads\/2014\/12\/icon-72x72.png"},"primary-color":"#dd9933","body-font":{"font-family":"Lora","font-options":"","google":"1","font-backup":""},"body-font-size":"14","primary-text-color":"#676767","body-line-height":"24","menu-font-size":"14","title-font":{"font-family":"Lustria","font-options":"","google":"1","font-backup":""},"title-text-color":"#373737","custom_css":"\/*\r\n.fullscreenvideo .tp-dottedoverlay {\r\n    background-image: url(\"http:\/\/localhost\/ispirit-demos\/modern\/wp-content\/uploads\/2014\/11\/homepage-banner-bg4.png\")!important;\r\n}\r\n*\/\r\n.fullscreenvideo .tp-dottedoverlay {\r\n    background-image: url(\"http:\/\/localhost\/ispirit-demos\/modern\/wp-content\/uploads\/2014\/11\/trans-mask-full-screen.png\")!important;\r\n    background-size: cover!important;\r\n}\r\n\r\n.nx-post-border1 img {\r\n  -webkit-filter: grayscale(50%);\r\n  filter: grayscale(50%);\r\n}\r\n\r\n.nx-post-border1:hover img {\r\n  -webkit-filter: grayscale(0%);\r\n  filter: grayscale(0%);\r\n}\r\n\r\n.videotext img,\r\n.videologo img {\r\n    opacity: 0.9;\r\n}\r\n\r\n.videoarro img {\r\n    opacity: 0.8;\r\n}\r\n\r\na.home-link img {\r\n    padding: 6px 0px;\r\n}\r\n\r\n.arr-god {\r\n\tcursor: pointer;    \r\n}\r\n\r\n.arr-god img {\r\n    opacity: 0.6;\r\n\ttransition-property: all;\r\n\ttransition-duration: 0.3s;\r\n\ttransition-timing-function: ease-in-out;\r\n\ttransition-delay: 0s;    \r\n}\r\n\r\n.arr-god:hover img {\r\n    opacity: 1;    \r\n}\r\n\r\n.team1 img,\r\n.site-footer img,\r\n.nx-posts-carousel img {\r\n\t-webkit-filter: grayscale(48%); \r\n\t-moz-filter: grayscale48%);\r\n\tfilter: grayscale(48%);\t\r\n\tfilter: url(\"data:image\/svg+xml;utf8,<svg version='1.1' xmlns='http:\/\/www.w3.org\/2000\/svg' height='0'><filter id='colorMeSaturate'><feColorMatrix type='saturate' values='0.52' \/><\/filter><\/svg>#colorMeSaturate\");\r\n}","custom_js":"( function( $ ) {\r\n\r\njQuery(window).load(function() {\r\n\t$('.discolorit img').each(function() {\r\n\t\t$(this).wrap('<div style=\"display:inline-block;width:' + this.width + 'px;height:' + this.height + 'px;\">').clone().addClass('gotcolors').css({'position': 'absolute', 'opacity' : 0 }).insertBefore(this);\r\n\t\tthis.src = grayscale(this.src);\r\n\t}).animate({opacity: 1}, 500);\r\n});\r\n\/\/ http:\/\/net.tutsplus.com\/tutorials\/javascript-ajax\/how-to-transition-an-image-from-bw-to-color-with-canvas\/\r\nfunction grayscale(src) {\r\n\tvar supportsCanvas = !!document.createElement('canvas').getContext;\r\n\tif (supportsCanvas) {\r\n\t\tvar canvas = document.createElement('canvas'), \r\n\t\tcontext = canvas.getContext('2d'), \r\n\t\timageData, px, length, i = 0, gray, \r\n\t\timg = new Image();\r\n\t\t\r\n\t\timg.src = src;\r\n\t\tcanvas.width = img.width;\r\n\t\tcanvas.height = img.height;\r\n\t\tcontext.drawImage(img, 0, 0);\r\n\t\t\t\r\n\t\timageData = context.getImageData(0, 0, canvas.width, canvas.height);\r\n\t\tpx = imageData.data;\r\n\t\tlength = px.length;\r\n\t\t\r\n\t\tfor (; i < length; i += 4) {\r\n\t\t\tgray = px[i] * .3 + px[i + 1] * .59 + px[i + 2] * .11;\r\n\t\t\tpx[i] = px[i + 1] = px[i + 2] = gray;\r\n\t\t}\r\n\t\t\t\t\r\n\t\tcontext.putImageData(imageData, 0, 0);\r\n\t\treturn canvas.toDataURL();\r\n\t} else {\r\n\t\treturn src;\r\n\t}\r\n}\r\n});\r\n\r\n\r\njQuery(document).ready(function($) {\r\n\r\n    $('.i-scrollto').each(function () {\r\n        _this = $(this);\r\n        \r\n        _this.click(function(){\r\n    \r\n            var target_offset = _this.offset();\r\n            var target_top = target_offset.top;\r\n\r\n            $('html, body').animate({scrollTop:target_top}, 600, 'easeInSine');\r\n        }); \r\n    });\r\n    \r\n    \r\n    \r\n});","logo-normal":{"url":"http:\/\/localhost\/tx-demos\/i-spirit\/modern\/wp-content\/uploads\/2015\/01\/logo-retina.png","id":"1354","height":"130","width":"600","thumbnail":"http:\/\/localhost\/tx-demos\/i-spirit\/modern\/wp-content\/uploads\/2015\/01\/logo-retina-150x130.png"},"logo-padding":"12","nav-login-link":"","nav-cart-link":"","nav-search":"1","narrow-titlebar":"","reverse-submenu":"1","header-style":"2","trans-link-color":{"regular":"#dddddd","hover":"#dd9933"},"search-icon-color":"#dddddd","lavalamp-color":"#dd9933","logo-reverse":{"url":"http:\/\/localhost\/tx-demos\/i-spirit\/modern\/wp-content\/uploads\/2015\/01\/logo-reverse.png","id":"1355","height":"130","width":"600","thumbnail":"http:\/\/localhost\/tx-demos\/i-spirit\/modern\/wp-content\/uploads\/2015\/01\/logo-reverse-150x130.png"},"trans-header-bg":{"color":"#000000","alpha":"0.17","rgba":"rgba(0,0,0,0.17)"},"trans-sitetitle-color-2":"#FFFFFF","trans-sitedesc-color-2":"#dddddd","trans-link-color-2":{"regular":"#eeeeee","hover":"#77bd32"},"search-icon-color-2":"#999999","lavalamp-color-2":"#77bd32","trans-header-bg-2":{"background-color":"#000","background-repeat":"","background-size":"","background-attachment":"","background-position":"","background-image":"","media":{"id":"","height":"","width":"","thumbnail":""}},"hd-left-option":"1","hd-phone":"","hd-email":"","hd-text":"","hd-right-option":"1","hd-text2":"","hd-right-option2":"1","hd-text-right2":"","sticky-header":"1","responsive-menu":"1","top-bar-switch":"0","tb-left-option":"1","tb-phone":"1-000-123-4567","tb-email":"email@i-spirit.com","tb-text":"","tb-right-option":"1","tb-text2":"","top-bar-color":"2","togg-title-bar":"1","togg-breadcrumb":"1","header-text-color":"2","header-text-alignment":"left","header-background-type":"2","archive-title-bg-alt":{"background-color":"transparent","background-repeat":"repeat","background-size":"","background-attachment":"fixed","background-image":"http:\/\/localhost\/tx-demos\/i-spirit\/modern\/wp-content\/uploads\/2014\/10\/check4.jpg","media":{"id":"1088","height":"482","width":"1920","thumbnail":"http:\/\/localhost\/tx-demos\/i-spirit\/modern\/wp-content\/uploads\/2014\/10\/check4-150x150.jpg"}},"archive-sidebar":"0","archive-layout-type":"3","archive-total-columns":"3","archive-show-categories":"2","blog-slider":"2","blog-rev-slider":"","blog-other-slider":"","enable-woo-bar":"0","enable-compare":"1","woo-hide-title":"1","woo-togg-breadcrumb":"1","woo-header-text-color":"2","woo-header-text-alignment":"left","woo-header-background-type":"2","woo-title-background":"1","woo-title-bg-image":{"url":"","id":"","height":"","width":"","thumbnail":""},"woo-archive-title-bg-repeat":"1","woo-archive-title-bg-attachment":"1","woo-archive-title-bg-color":"","woo-archive-sidebar":"2","woo-shop-hide-title":"1","woo-slider":"2","woo-rev-slider":"","woo-layer-slider":"","woo-archive-columns":"3","woo-archive-style":"2","woo-infi-scroll":"2","woo-image-zoom":"1","footerlayout":"1","footer-bottom-right":"2","copy-right-text":"Proudly powered by WordPress","twitter":"ParineetiChopra","facebook":"https:\/\/www.facebook.com\/templatesnext","skype":"memarsian","googleplus":"#","flickr":"#","youtube":"#","instagram":"marsian","pinterest":"marsian","linkedin":"#","slider-parallax":"1","slider-overlay":"1","slider-overlay-color":{"color":"#323232","alpha":"0.2","rgba":"rgba(50,50,50,0.2)"},"slider-align":"left","slider-transition":"slide","slider-speed":"8","slider-height":"480","slide1-image":{"url":"http:\/\/localhost\/tx-demos\/i-spirit\/modern\/wp-content\/themes\/ispirit\/images\/slides\/slide1.jpg","id":"","height":"","width":"","thumbnail":""},"slide1-title":"Welcome To i-spirit","slide1-subtitle":"Start setting up your theme and this slider from menu \"i-spirit Options\"","slide1-linktext":"Know More..","slide1-linkurl":"http:\/\/templatesnext.org\/ispirit\/landing\/start-up-guide\/","slide2-image":{"url":"http:\/\/localhost\/tx-demos\/i-spirit\/modern\/wp-content\/themes\/ispirit\/images\/slides\/slide2.jpg","id":"","height":"","width":"","thumbnail":""},"slide2-title":"Premium Plugin Slider Revolution and Visual Composer","slide2-subtitle":"Install and activate the recommended pre-packaged plugins from menu \"Appearance\" - \"Install Plugins\"","slide2-linktext":"Know More..","slide2-linkurl":"http:\/\/templatesnext.org\/ispirit\/landing\/start-up-guide\/","slide3-image":{"url":"http:\/\/localhost\/tx-demos\/i-spirit\/modern\/wp-content\/themes\/ispirit\/images\/slides\/slide3.jpg","id":"","height":"","width":"","thumbnail":""},"slide3-title":"Portfolio, Team, Testimonials, itrans Slider, etc.","slide3-subtitle":"Use the \"Insert Shortcode\" button to create your sections on a page.","slide3-linktext":"Know More..","slide3-linkurl":"https:\/\/www.youtube.com\/watch?v=BbuTqZS3MpI","slide4-image":{"url":"http:\/\/localhost\/tx-demos\/i-spirit\/modern\/wp-content\/themes\/ispirit\/images\/slides\/slide4.jpg","id":"","height":"","width":"","thumbnail":""},"slide4-title":"Happy To Help","slide4-subtitle":"Reach us for any help, we would love to help you out.","slide4-linktext":"","slide4-linkurl":"","slide5-image":{"url":"","id":"","height":"","width":"","thumbnail":""},"slide5-title":"","slide5-subtitle":"","slide5-linktext":"","slide5-linkurl":"","slide6-image":{"url":"","id":"","height":"","width":"","thumbnail":""},"slide6-title":"","slide6-subtitle":"","slide6-linktext":"","slide6-linkurl":"","title-background":"1","redux-backup":"1"}