{"last_tab":"0","maintenance_mode":"2","back-to-top":"1","pre-loader":"1","site_layout":"2","boxed_shadow":"2","background_options":"1","opt-background":{"background-color":"#d1cec8","background-repeat":"","background-size":"cover","background-attachment":"fixed","background-position":"center top","background-image":"http:\/\/localhost\/tx-demos\/i-spirit\/flat\/wp-content\/uploads\/2014\/12\/bg-t5.jpg","media":{"id":"1277","height":"1200","width":"1920","thumbnail":"http:\/\/localhost\/tx-demos\/i-spirit\/flat\/wp-content\/uploads\/2014\/12\/bg-t5.jpg"}},"favicon":{"url":"http:\/\/localhost\/tx-demos\/i-spirit\/flat\/wp-content\/uploads\/2014\/12\/icon-16x16.png","id":"1268","height":"16","width":"16","thumbnail":"http:\/\/localhost\/tx-demos\/i-spirit\/flat\/wp-content\/uploads\/2014\/12\/icon-16x16.png"},"ios57x57":{"url":"http:\/\/localhost\/tx-demos\/i-spirit\/flat\/wp-content\/uploads\/2014\/12\/icon-57X57.png","id":"1269","height":"57","width":"57","thumbnail":"http:\/\/localhost\/tx-demos\/i-spirit\/flat\/wp-content\/uploads\/2014\/12\/icon-57X57.png"},"ios72x72":{"url":"http:\/\/localhost\/tx-demos\/i-spirit\/flat\/wp-content\/uploads\/2014\/12\/icon-72X72.png","id":"1270","height":"72","width":"72","thumbnail":"http:\/\/localhost\/tx-demos\/i-spirit\/flat\/wp-content\/uploads\/2014\/12\/icon-72X72.png"},"ios144x144":{"url":"http:\/\/localhost\/tx-demos\/i-spirit\/flat\/wp-content\/uploads\/2014\/12\/icon-72X72.png","id":"1270","height":"72","width":"72","thumbnail":"http:\/\/localhost\/tx-demos\/i-spirit\/flat\/wp-content\/uploads\/2014\/12\/icon-72X72.png"},"primary-color":"#67809f","body-font":{"font-family":"Open Sans","font-options":"","google":"1","font-backup":""},"body-font-size":"13","primary-text-color":"#777777","body-line-height":"24","menu-font-size":"13","title-font":{"font-family":"Roboto","font-options":"","google":"1","font-backup":""},"title-text-color":"#575757","custom_css":".rev-arrowed #rev_slider_15_1_wrapper .tp-bullets {\r\n\tbottom: 6px!important;\r\n}\r\n\r\n.tp-bullets.preview2 .bullet,\r\n.tp-bullets.preview2 .bullet.selected,\r\n.tp-bullets.preview2 .bullet:hover {\r\n\tborder-width : 4px!important;\r\n}\r\n.vignette .nx-post-border .entry-thumbnail {\r\n\t-webkit-box-shadow: inset 0px 0px 85px rgba(0,0,0,0.4);\r\n\t-moz-box-shadow:    inset 0px 0px 85px rgba(0,0,0,0.4);\r\n\tbox-shadow:         inset 0px 0px 85px rgba(0,0,0,0.4);\r\n\t\r\n\tline-height: 0;         \/* ensure no space between bottom *\/\r\n\t\t\r\n\tdisplay: inline-block;  \/* don't go wider than image *\/    \r\n}\r\n\r\n.vignette .nx-post-border .entry-thumbnail img {\r\n\tposition: relative; \r\n\tz-index: -1;            \/* position beneath *\/\r\n}\r\n\/*\r\n.vignette .rev_slider_wrapper li .slotholder {\r\n\t-webkit-box-shadow: inset 0px 0px 85px rgba(0,0,0,0.2);\r\n\t-moz-box-shadow:    inset 0px 0px 85px rgba(0,0,0,0.2);\r\n\tbox-shadow:         inset 0px 0px 85px rgba(0,0,0,0.2);\r\n}\r\n*\/\r\n\/*\r\n.round2 img {\r\n    opacity: .8;\r\n}\r\n\r\n.round3 img {\r\n    opacity: .8;\r\n}\r\n\r\n.round4 img {\r\n    opacity: .8;\r\n}\r\n*\/\r\n\r\n.nx-allcaps,\r\n.widget-title {\r\n    text-transform: uppercase;\r\n    font-weight: 700;\r\n}\r\n\r\n.heading-text .entry-title {\r\n    text-transform: uppercase;\r\n    font-weight: 500;\r\n}\r\n\r\n.darktext h1, .darktext h2, .darktext h3, .darktext h4, .darktext h5 {\r\n    color: #575757;\r\n}\r\n\r\n.sp-continue {\r\n    font-weight: bold;\r\n}","custom_js":"jQuery(document).ready(function($) {\r\n\r\n    $('.i-scrollto').each(function () {\r\n        _this = $(this);\r\n        \r\n        _this.click(function(){\r\n    \r\n            var target_offset = _this.offset();\r\n            var target_top = target_offset.top;\r\n\r\n            $('html, body').animate({scrollTop:target_top}, 600, 'easeInSine');\r\n        }); \r\n    });\r\n});","logo-normal":{"url":"http:\/\/localhost\/tx-demos\/i-spirit\/flat\/wp-content\/uploads\/2014\/11\/logo.png","id":"932","height":"138","width":"404","thumbnail":"http:\/\/localhost\/tx-demos\/i-spirit\/flat\/wp-content\/uploads\/2014\/11\/logo.png"},"logo-padding":"12","nav-login-link":"1","nav-cart-link":"","nav-search":"1","narrow-titlebar":"","reverse-submenu":"1","header-style":"1","trans-link-color":{"regular":"#373737","hover":"#77bd32"},"search-icon-color":"#666666","lavalamp-color":"#77bd32","logo-reverse":{"url":"","id":"","height":"","width":"","thumbnail":""},"trans-header-bg":{"color":"#ffffff","alpha":"0.0","rgba":"rgba(255,255,255,0)"},"trans-sitetitle-color-2":"#FFFFFF","trans-sitedesc-color-2":"#dddddd","trans-link-color-2":{"regular":"#eeeeee","hover":"#77bd32"},"search-icon-color-2":"#999999","lavalamp-color-2":"#77bd32","trans-header-bg-2":{"background-color":"#000","background-repeat":"","background-size":"","background-attachment":"","background-position":"","background-image":"","media":{"id":"","height":"","width":"","thumbnail":""}},"hd-left-option":"1","hd-phone":"","hd-email":"","hd-text":"","hd-right-option":"1","hd-text2":"","hd-right-option2":"1","hd-text-right2":"","sticky-header":"1","responsive-menu":"1","top-bar-switch":"1","tb-left-option":"1","tb-phone":"1-000-123-4567","tb-email":"email@i-spirit.com","tb-text":"","tb-right-option":"1","tb-text2":"","top-bar-color":"3","togg-title-bar":"1","togg-breadcrumb":"1","header-text-color":"1","header-text-alignment":"left","header-background-type":"2","archive-title-bg-alt":{"background-color":"#77be32","background-repeat":"","background-size":"","background-attachment":"fixed","background-image":"http:\/\/localhost\/tx-demos\/i-spirit\/flat\/wp-content\/uploads\/2014\/10\/header-bg2.png","media":{"id":"230","height":"300","width":"1920","thumbnail":"http:\/\/localhost\/tx-demos\/i-spirit\/flat\/wp-content\/uploads\/2014\/10\/header-bg2.png"}},"archive-sidebar":"0","archive-layout-type":"3","archive-total-columns":"3","archive-show-categories":"2","blog-slider":"2","blog-rev-slider":"","blog-other-slider":"","enable-woo-bar":"","enable-compare":"1","woo-hide-title":"1","woo-togg-breadcrumb":"1","woo-header-text-color":"1","woo-header-text-alignment":"left","woo-header-background-type":"2","woo-title-background":"1","woo-title-bg-image":{"url":"","id":"","height":"","width":"","thumbnail":""},"woo-archive-title-bg-repeat":"1","woo-archive-title-bg-attachment":"1","woo-archive-title-bg-color":"","woo-archive-sidebar":"0","woo-shop-hide-title":"1","woo-slider":"2","woo-rev-slider":"","woo-layer-slider":"","woo-archive-columns":"4","woo-archive-style":"1","woo-infi-scroll":"2","woo-image-zoom":"1","footerlayout":"1","footer-bottom-right":"1","copy-right-text":"Proudly powered by WordPress","twitter":"ParineetiChopra","facebook":"https:\/\/www.facebook.com\/templatesnext","skype":"memarsian","googleplus":"#","flickr":"#","youtube":"#","instagram":"marsian","pinterest":"marsian","linkedin":"#","slider-parallax":"1","slider-overlay":"1","slider-overlay-color":{"color":"#323232","alpha":"0.2","rgba":"rgba(50,50,50,0.2)"},"slider-align":"left","slider-transition":"slide","slider-speed":"8","slider-height":"100","slider-deduct":"0","slide1-image":{"url":"http:\/\/localhost\/tx-demos\/i-spirit\/flat\/wp-content\/themes\/ispirit\/images\/slides\/slide1.jpg","id":"","height":"","width":"","thumbnail":""},"slide1-title":"Welcome To i-spirit","slide1-subtitle":"Start setting up your theme and this slider from menu \"i-spirit Options\"","slide1-linktext":"Know More..","slide1-linkurl":"http:\/\/templatesnext.org\/ispirit\/landing\/start-up-guide\/","slide2-image":{"url":"http:\/\/localhost\/tx-demos\/i-spirit\/flat\/wp-content\/themes\/ispirit\/images\/slides\/slide2.jpg","id":"","height":"","width":"","thumbnail":""},"slide2-title":"Premium Plugin Slider Revolution and Visual Composer","slide2-subtitle":"Install and activate the recommended pre-packaged plugins from menu \"Appearance\" - \"Install Plugins\"","slide2-linktext":"Know More..","slide2-linkurl":"http:\/\/templatesnext.org\/ispirit\/landing\/start-up-guide\/","slide3-image":{"url":"http:\/\/localhost\/tx-demos\/i-spirit\/flat\/wp-content\/themes\/ispirit\/images\/slides\/slide3.jpg","id":"","height":"","width":"","thumbnail":""},"slide3-title":"Portfolio, Team, Testimonials, itrans Slider, etc.","slide3-subtitle":"Use the \"Insert Shortcode\" button to create your sections on a page.","slide3-linktext":"Know More..","slide3-linkurl":"https:\/\/www.youtube.com\/watch?v=BbuTqZS3MpI","slide4-image":{"url":"http:\/\/localhost\/tx-demos\/i-spirit\/flat\/wp-content\/themes\/ispirit\/images\/slides\/slide4.jpg","id":"","height":"","width":"","thumbnail":""},"slide4-title":"Happy To Help","slide4-subtitle":"Reach us for any help, we would love to help you out.","slide4-linktext":"","slide4-linkurl":"","slide5-image":{"url":"","id":"","height":"","width":"","thumbnail":""},"slide5-title":"","slide5-subtitle":"","slide5-linktext":"","slide5-linkurl":"","slide6-image":{"url":"","id":"","height":"","width":"","thumbnail":""},"slide6-title":"","slide6-subtitle":"","slide6-linktext":"","slide6-linkurl":"","pre-pattern":"","title-background":"1","redux-backup":"1"}