{"last_tab":"3","maintenance_mode":"2","back-to-top":"1","site_layout":"1","boxed_shadow":"1","background_options":"1","opt-background":{"background-color":"#FFFFFF","background-repeat":"repeat-y","background-size":"cover","background-attachment":"fixed","background-position":"center top","background-image":"http:\/\/localhost\/tx-demos\/i-spirit\/shop\/wp-content\/uploads\/2014\/12\/Dollarphotoclub_42720391.jpg","media":{"id":"1099","height":"1000","width":"1600","thumbnail":"http:\/\/localhost\/tx-demos\/i-spirit\/shop\/wp-content\/uploads\/2014\/12\/Dollarphotoclub_42720391.jpg"}},"favicon":{"url":"http:\/\/localhost\/tx-demos\/i-spirit\/shop\/wp-content\/uploads\/2014\/12\/icon-16x16.png","id":"1080","height":"16","width":"16","thumbnail":"http:\/\/localhost\/tx-demos\/i-spirit\/shop\/wp-content\/uploads\/2014\/12\/icon-16x16.png"},"ios57x57":{"url":"http:\/\/localhost\/tx-demos\/i-spirit\/shop\/wp-content\/uploads\/2014\/12\/icon-57x57.png","id":"1081","height":"57","width":"57","thumbnail":"http:\/\/localhost\/tx-demos\/i-spirit\/shop\/wp-content\/uploads\/2014\/12\/icon-57x57.png"},"ios72x72":{"url":"http:\/\/localhost\/tx-demos\/i-spirit\/shop\/wp-content\/uploads\/2014\/12\/icon-72x72.png","id":"1082","height":"72","width":"72","thumbnail":"http:\/\/localhost\/tx-demos\/i-spirit\/shop\/wp-content\/uploads\/2014\/12\/icon-72x72.png"},"ios144x144":{"url":"http:\/\/localhost\/tx-demos\/i-spirit\/shop\/wp-content\/uploads\/2014\/12\/icon-72x72.png","id":"1082","height":"72","width":"72","thumbnail":"http:\/\/localhost\/tx-demos\/i-spirit\/shop\/wp-content\/uploads\/2014\/12\/icon-72x72.png"},"primary-color":"#dd3333","body-font":{"font-family":"Open Sans","font-options":"","google":"1","font-backup":""},"body-font-size":"13","primary-text-color":"#777777","body-line-height":"24","menu-font-size":"13","title-font":{"font-family":"Fjalla One","font-options":"","google":"1","font-backup":""},"title-text-color":"#373737","custom_css":"#rev_slider_15_2 .tp-dottedoverlay.threexthreewhite {\r\n\tbackground-image: none;\r\n}\r\n\r\n.tp-dottedoverlay.threexthreewhite {\r\n    background-image: none;\r\n}\r\n\r\n.woocommerce #content div.product div.images, \r\n.woocommerce div.product div.images, \r\n.woocommerce-page #content div.product div.images, \r\n.woocommerce-page div.product div.images {\r\n  float: left;\r\n  width: 48%;\r\n}\r\n\r\n.woocommerce #content div.product div.summary, \r\n.woocommerce div.product div.summary, \r\n.woocommerce-page #content div.product div.summary, \r\n.woocommerce-page div.product div.summary {\r\n  float: right;\r\n  width: 48%;\r\n}","custom_js":"","logo-normal":{"url":"http:\/\/localhost\/tx-demos\/i-spirit\/shop\/wp-content\/uploads\/2014\/11\/i-spirit-trans-logo1-1.png","id":"1000","height":"138","width":"404","thumbnail":"http:\/\/localhost\/tx-demos\/i-spirit\/shop\/wp-content\/uploads\/2014\/11\/i-spirit-trans-logo1-1.png"},"logo-padding":"12","nav-login-link":"","nav-cart-link":"1","nav-search":"0","narrow-titlebar":"","reverse-submenu":"1","header-style":"1","trans-link-color":{"regular":"#373737","hover":"#77bd32"},"search-icon-color":"#666666","lavalamp-color":"#77bd32","logo-reverse":{"url":"","id":"","height":"","width":"","thumbnail":""},"trans-header-bg":{"color":"#ffffff","alpha":"0.0","rgba":"rgba(255,255,255,0)"},"trans-sitetitle-color-2":"#FFFFFF","trans-sitedesc-color-2":"#dddddd","trans-link-color-2":{"regular":"#eeeeee","hover":"#77bd32"},"search-icon-color-2":"#999999","lavalamp-color-2":"#77bd32","trans-header-bg-2":{"background-color":"#000","background-repeat":"","background-size":"","background-attachment":"","background-position":"","background-image":"","media":{"id":"","height":"","width":"","thumbnail":""}},"hd-left-option":"1","hd-phone":"","hd-email":"","hd-text":"","hd-right-option":"1","hd-text2":"","hd-right-option2":"2","hd-text-right2":"<span style=\"font-size: 16px\"><i class=\"fa fa-phone-square\"><\/i><\/span> <span style=\"font-size: 14px\">27x7 Support Call  : 1-000-123-4567<\/span>","sticky-header":"1","responsive-menu":"1","top-bar-switch":"1","tb-left-option":"1","tb-phone":"1-000-123-4567","tb-email":"email@i-spirit.com","tb-text":"","tb-right-option":"1","tb-text2":"","top-bar-color":"1","togg-title-bar":"1","togg-breadcrumb":"1","header-text-color":"1","header-text-alignment":"left","header-background-type":"2","archive-title-bg-alt":{"background-color":"#e0e0e0","background-repeat":"repeat","background-size":"","background-attachment":"fixed","background-image":"http:\/\/localhost\/tx-demos\/i-spirit\/shop\/wp-content\/uploads\/2014\/10\/header-bg2-1.png","media":{"id":"230","height":"300","width":"1920","thumbnail":"http:\/\/localhost\/tx-demos\/i-spirit\/shop\/wp-content\/uploads\/2014\/10\/header-bg2-1.png"}},"archive-sidebar":"0","archive-layout-type":"1","archive-total-columns":"2","archive-show-categories":"1","blog-slider":"2","blog-rev-slider":"","blog-other-slider":"","enable-woo-bar":"1","enable-compare":"1","woo-hide-title":"1","woo-togg-breadcrumb":"1","woo-header-text-color":"1","woo-header-text-alignment":"left","woo-header-background-type":"1","woo-title-background":"1","woo-title-bg-image":{"url":"http:\/\/localhost\/tx-demos\/i-spirit\/shop\/wp-content\/uploads\/2014\/10\/header-bg2-1.png","id":"230","height":"300","width":"1920","thumbnail":"http:\/\/localhost\/tx-demos\/i-spirit\/shop\/wp-content\/uploads\/2014\/10\/header-bg2-1.png"},"woo-archive-title-bg-repeat":"1","woo-archive-title-bg-attachment":"2","woo-archive-title-bg-color":"","woo-archive-sidebar":"2","woo-shop-hide-title":"0","woo-slider":"3","woo-rev-slider":"shop-single-slider","woo-layer-slider":"","woo-archive-columns":"4","woo-archive-style":"2","woo-infi-scroll":"1","woo-image-zoom":"1","footerlayout":"1","footer-bottom-right":"1","copy-right-text":"Proudly powered by WordPress","twitter":"ParineetiChopra","facebook":"https:\/\/www.facebook.com\/templatesnext","skype":"memarsian","googleplus":"#","flickr":"#","youtube":"#","instagram":"marsian","pinterest":"marsian","linkedin":"#","slider-parallax":"1","slider-overlay":"1","slider-overlay-color":{"color":"#323232","alpha":"0.2","rgba":"rgba(50,50,50,0.2)"},"slider-align":"left","slider-transition":"slide","slider-speed":"8","slider-height":"480","slide1-image":{"url":"http:\/\/localhost\/tx-demos\/i-spirit\/shop\/wp-content\/themes\/ispirit\/images\/slides\/slide1.jpg","id":"","height":"","width":"","thumbnail":""},"slide1-title":"Welcome To i-spirit","slide1-subtitle":"Start setting up your theme and this slider from menu \"i-spirit Options\"","slide1-linktext":"Know More..","slide1-linkurl":"http:\/\/templatesnext.org\/ispirit\/landing\/start-up-guide\/","slide2-image":{"url":"http:\/\/localhost\/tx-demos\/i-spirit\/shop\/wp-content\/themes\/ispirit\/images\/slides\/slide2.jpg","id":"","height":"","width":"","thumbnail":""},"slide2-title":"Premium Plugin Slider Revolution and Visual Composer","slide2-subtitle":"Install and activate the recommended pre-packaged plugins from menu \"Appearance\" - \"Install Plugins\"","slide2-linktext":"Know More..","slide2-linkurl":"http:\/\/templatesnext.org\/ispirit\/landing\/start-up-guide\/","slide3-image":{"url":"http:\/\/localhost\/tx-demos\/i-spirit\/shop\/wp-content\/themes\/ispirit\/images\/slides\/slide3.jpg","id":"","height":"","width":"","thumbnail":""},"slide3-title":"Portfolio, Team, Testimonials, itrans Slider, etc.","slide3-subtitle":"Use the \"Insert Shortcode\" button to create your sections on a page.","slide3-linktext":"Know More..","slide3-linkurl":"https:\/\/www.youtube.com\/watch?v=BbuTqZS3MpI","slide4-image":{"url":"http:\/\/localhost\/tx-demos\/i-spirit\/shop\/wp-content\/themes\/ispirit\/images\/slides\/slide4.jpg","id":"","height":"","width":"","thumbnail":""},"slide4-title":"Happy To Help","slide4-subtitle":"Reach us for any help, we would love to help you out.","slide4-linktext":"","slide4-linkurl":"","slide5-image":{"url":"","id":"","height":"","width":"","thumbnail":""},"slide5-title":"","slide5-subtitle":"","slide5-linktext":"","slide5-linkurl":"","slide6-image":{"url":"","id":"","height":"","width":"","thumbnail":""},"slide6-title":"","slide6-subtitle":"","slide6-linktext":"","slide6-linkurl":"","pre-pattern":"","title-background":"1","redux-backup":"1"}